-- unified import script generated by ChatGPT on 2025-05-06
SET FOREIGN_KEY_CHECKS=0;

DROP TABLE IF EXISTS pedidos;
DROP TABLE IF EXISTS productosnuevos;
DROP TABLE IF EXISTS productos;
DROP TABLE IF EXISTS clientes;

-- Table: clientes

CREATE TABLE clientes (
  CODIGO_CLIENTE varchar(4) NOT NULL,
  EMPRESA varchar(255) DEFAULT NULL,
  DIRECCION varchar(255) DEFAULT NULL,
  POBLACION varchar(255) DEFAULT NULL,
  TELEFONO varchar(15) DEFAULT NULL,
  RESPONSABLE varchar(255) DEFAULT NULL,
  HISTORIAL varchar(255) DEFAULT NULL,
  PRIMARY KEY (CODIGO_CLIENTE)
) ENGINE=InnoDB DEFAULT CHARSET=utf8;

-- Table: productos

CREATE TABLE productos (
  CODIGO_ARTICULO varchar(4) NOT NULL,
  SECCION varchar(20) DEFAULT NULL,
  NOMBRE varchar(50) DEFAULT NULL,
  PRECIO decimal(8,2) DEFAULT NULL,
  PAIS varchar(20) DEFAULT NULL,
  FECHA date DEFAULT NULL,
  PRIMARY KEY (CODIGO_ARTICULO)
) ENGINE=InnoDB DEFAULT CHARSET=utf8;

-- Table: productosnuevos

CREATE TABLE productosnuevos (
  CODIGO_ARTICULO varchar(14) NOT NULL,
  SECCION varchar(30) DEFAULT NULL,
  NOMBRE varchar(50) DEFAULT NULL,
  PRECIO decimal(10,2) DEFAULT NULL,
  PAIS varchar(30) DEFAULT NULL,
  FECHA date DEFAULT NULL,
  PRIMARY KEY (CODIGO_ARTICULO)
) ENGINE=InnoDB DEFAULT CHARSET=utf8;

-- Table: pedidos

CREATE TABLE pedidos (
  NUMERO_PEDIDO int NOT NULL,
  CODIGO_CLIENTE varchar(4) DEFAULT NULL,
  FECHA_PEDIDO date DEFAULT NULL,
  FORMA_PAGO varchar(10) DEFAULT NULL,
  DESCUENTO int DEFAULT NULL,
  ENVIADO varchar(5) DEFAULT NULL,
  PRIMARY KEY (NUMERO_PEDIDO),
  INDEX idx_cod_cliente (CODIGO_CLIENTE),
  CONSTRAINT fk_pedidos_clientes FOREIGN KEY (CODIGO_CLIENTE)
    REFERENCES clientes (CODIGO_CLIENTE)
    ON UPDATE CASCADE
    ON DELETE SET NULL
) ENGINE=InnoDB DEFAULT CHARSET=utf8;

-- Inserts for clientes
INSERT INTO clientes (CODIGO_CLIENTE, EMPRESA, DIRECCION, POBLACION, TELEFONO, RESPONSABLE, HISTORIAL) VALUES
('CT01', 'BELTRAN E HIJOS', 'LAS FUENTES 78', 'MADRID', 914456435, 'ANGEL MARTINEZ', NULL);
INSERT INTO clientes (CODIGO_CLIENTE, EMPRESA, DIRECCION, POBLACION, TELEFONO, RESPONSABLE, HISTORIAL) VALUES
('CT02', 'LA MODERNA', 'LA PALOMA 123', 'OVIEDO', 985323434, 'JUAN GARCIA', NULL);
INSERT INTO clientes (CODIGO_CLIENTE, EMPRESA, DIRECCION, POBLACION, TELEFONO, RESPONSABLE, HISTORIAL) VALUES
('CT03', 'EL CASTELLANO', 'MOTORES 34', 'BARCELONA', 934565343, 'ANA FERNANDEZ', NULL);
INSERT INTO clientes (CODIGO_CLIENTE, EMPRESA, DIRECCION, POBLACION, TELEFONO, RESPONSABLE, HISTORIAL) VALUES
('CT04', 'EXPORTASA', 'VALLECAS 34', 'MADRID', 913452378, 'ELVIRA GOMEZ', NULL);
INSERT INTO clientes (CODIGO_CLIENTE, EMPRESA, DIRECCION, POBLACION, TELEFONO, RESPONSABLE, HISTORIAL) VALUES
('CT06', 'CONFECCIONES AMPARO', 'LOS MOROS 23', 'GIJON', 985754332, 'LUIS ALVAREZ', NULL);
INSERT INTO clientes (CODIGO_CLIENTE, EMPRESA, DIRECCION, POBLACION, TELEFONO, RESPONSABLE, HISTORIAL) VALUES
('CT07', 'LA CASA DEL JUGUETE', 'AMERICA 45', 'MADRID', 912649987, 'ELIAS PEREZ', NULL);
INSERT INTO clientes (CODIGO_CLIENTE, EMPRESA, DIRECCION, POBLACION, TELEFONO, RESPONSABLE, HISTORIAL) VALUES
('CT08', 'JUGUETERIA SUAREZ', 'PARIS 123', 'BARCELONA', 933457866, 'JUAN GARCIA', NULL);
INSERT INTO clientes (CODIGO_CLIENTE, EMPRESA, DIRECCION, POBLACION, TELEFONO, RESPONSABLE, HISTORIAL) VALUES
('CT09', 'ALMACEN POPULAR', 'LAS FUENTES 124', 'BILBAO', 942347127, 'JOSE ALVAREZ', NULL);
INSERT INTO clientes (CODIGO_CLIENTE, EMPRESA, DIRECCION, POBLACION, TELEFONO, RESPONSABLE, HISTORIAL) VALUES
('CT10', 'FERETERIA EL CLAVO', 'PASEO DE ALAMOS 78', 'MADRID', 914354866, 'MANUEL MENENDEZ', NULL);
INSERT INTO clientes (CODIGO_CLIENTE, EMPRESA, DIRECCION, POBLACION, TELEFONO, RESPONSABLE, HISTORIAL) VALUES
('CT11', 'JUGUETES MARTINEZ', 'VIA LAYETANA 245', 'BARCELONA', 936628554, 'FRANCISCO CUEVAS', NULL);
INSERT INTO clientes (CODIGO_CLIENTE, EMPRESA, DIRECCION, POBLACION, TELEFONO, RESPONSABLE, HISTORIAL) VALUES
('CT12', 'FERNANDEZ SL', 'PASEO DEL MAR 45', 'SANTANDER', 942049586, 'ELISA COLLADO', NULL);
INSERT INTO clientes (CODIGO_CLIENTE, EMPRESA, DIRECCION, POBLACION, TELEFONO, RESPONSABLE, HISTORIAL) VALUES
('CT13', 'CONFECCIONES ARTIMEZ', 'GENERAL PERON 45', 'A CORUA', 981345239, 'ESTEBAN PASCUAL', NULL);
INSERT INTO clientes (CODIGO_CLIENTE, EMPRESA, DIRECCION, POBLACION, TELEFONO, RESPONSABLE, HISTORIAL) VALUES
('CT14', 'DEPORTES GARCIA', 'GUZMAN EL BUENO 45', 'MADRID', 913299475, 'ANA JIMENEZ', NULL);
INSERT INTO clientes (CODIGO_CLIENTE, EMPRESA, DIRECCION, POBLACION, TELEFONO, RESPONSABLE, HISTORIAL) VALUES
('CT15', 'EXCLUSIVAS FERNANDEZ', 'LLOBREGAT 250', 'BARCELONA', 939558365, 'LUISA FERNANDEZ', NULL);
INSERT INTO clientes (CODIGO_CLIENTE, EMPRESA, DIRECCION, POBLACION, TELEFONO, RESPONSABLE, HISTORIAL) VALUES
('CT16', 'DEPORTES MORAN', 'AUTONOMIA 45', 'LUGO', 982986944, 'JOSE MANZANO', NULL);
INSERT INTO clientes (CODIGO_CLIENTE, EMPRESA, DIRECCION, POBLACION, TELEFONO, RESPONSABLE, HISTORIAL) VALUES
('CT17', 'BAZAR FRANCISCO', 'CARMEN 45', 'ZAMORA', 980495288, 'CARLOS BELTRAN', NULL);
INSERT INTO clientes (CODIGO_CLIENTE, EMPRESA, DIRECCION, POBLACION, TELEFONO, RESPONSABLE, HISTORIAL) VALUES
('CT18', 'JUGUETES LA SONRISA', 'LA BANEZA 67', 'LEON', 987945368, 'FAUSTINO PEREZ', NULL);
INSERT INTO clientes (CODIGO_CLIENTE, EMPRESA, DIRECCION, POBLACION, TELEFONO, RESPONSABLE, HISTORIAL) VALUES
('CT19', 'CONFECCIONES GALAN', 'FUENCARRAL 78', 'MADRID', 913859234, 'JUAN GARCIA', NULL);
INSERT INTO clientes (CODIGO_CLIENTE, EMPRESA, DIRECCION, POBLACION, TELEFONO, RESPONSABLE, HISTORIAL) VALUES
('CT20', 'LA CURTIDORA', 'OLIVARES 3', 'MALAGA', 953756259, 'MARIA GOMEZ', NULL);
INSERT INTO clientes (CODIGO_CLIENTE, EMPRESA, DIRECCION, POBLACION, TELEFONO, RESPONSABLE, HISTORIAL) VALUES
('CT21', 'LINEA JOVEN', 'SIERPES 78', 'SEVILLA', 953452567, 'ASUNCION SALADO', NULL);
INSERT INTO clientes (CODIGO_CLIENTE, EMPRESA, DIRECCION, POBLACION, TELEFONO, RESPONSABLE, HISTORIAL) VALUES
('CT22', 'BAZAR EL BARAT', 'DIAGONAL 56', 'BARCELONA', 936692866, 'ELISA DAPENA', NULL);
INSERT INTO clientes (CODIGO_CLIENTE, EMPRESA, DIRECCION, POBLACION, TELEFONO, RESPONSABLE, HISTORIAL) VALUES
('CT23', 'EL PALACIO DE LA MODA', 'ORTEGA Y GASSET 129', 'MADRID', 927785235, 'LAURA CARRASCO', NULL);
INSERT INTO clientes (CODIGO_CLIENTE, EMPRESA, DIRECCION, POBLACION, TELEFONO, RESPONSABLE, HISTORIAL) VALUES
('CT24', 'SAEZ Y CIA', 'INFANTA MERCEDS 23', 'SEVILLA', 954869234, 'MANUEL GUERRA', NULL);
INSERT INTO clientes (CODIGO_CLIENTE, EMPRESA, DIRECCION, POBLACION, TELEFONO, RESPONSABLE, HISTORIAL) VALUES
('CT25', 'DEPORTES EL MADRID', 'CASTILLA 345', 'ZARAGOZA', 976388934, 'CARLOS GONZALEZ', NULL);
INSERT INTO clientes (CODIGO_CLIENTE, EMPRESA, DIRECCION, POBLACION, TELEFONO, RESPONSABLE, HISTORIAL) VALUES
('CT26', 'FERRETERIA LA ESCOBA', 'ORENSE 7', 'MADRID', 918459346, 'JOSE GARCIA', NULL);
INSERT INTO clientes (CODIGO_CLIENTE, EMPRESA, DIRECCION, POBLACION, TELEFONO, RESPONSABLE, HISTORIAL) VALUES
('CT27', 'JUGUETES EL BARATO', 'VIA AUGUSTA 245', 'BARCELONA', 933486984, 'ELVIRA IGLESIAS', NULL);
INSERT INTO clientes (CODIGO_CLIENTE, EMPRESA, DIRECCION, POBLACION, TELEFONO, RESPONSABLE, HISTORIAL) VALUES
('CT28', 'CONFECCIONES HERMINIA', 'CORRIDA 345', 'GIJON', 985597315, 'ABEL GONZALEZ', NULL);
INSERT INTO clientes (CODIGO_CLIENTE, EMPRESA, DIRECCION, POBLACION, TELEFONO, RESPONSABLE, HISTORIAL) VALUES
('CT30', 'BAZAR EL ARGENTINO', 'ATOCHA 55', 'MADRID', 912495973, 'ADRIAN ALVAREZ', NULL);
INSERT INTO clientes (CODIGO_CLIENTE, EMPRESA, DIRECCION, POBLACION, TELEFONO, RESPONSABLE, HISTORIAL) VALUES
('CT31', 'LA TIENDA ELEGANTE', 'EL COMENDADOR 67', 'ZARAGOZA', 975694035, 'JOSE PASCUAL', NULL);
INSERT INTO clientes (CODIGO_CLIENTE, EMPRESA, DIRECCION, POBLACION, TELEFONO, RESPONSABLE, HISTORIAL) VALUES
('CT32', 'DEPORTES NAUTICOS GARCIA', 'JUAN FERNANDEZ 89', 'AVILA', 920268648, 'JUAN CONRADO', NULL);
INSERT INTO clientes (CODIGO_CLIENTE, EMPRESA, DIRECCION, POBLACION, TELEFONO, RESPONSABLE, HISTORIAL) VALUES
('CT33', 'CONFECCIONES RUIZ', 'LLOBREGAT 345', 'BARCELONA', 934587615, 'CARLOS SANZ', NULL);
INSERT INTO clientes (CODIGO_CLIENTE, EMPRESA, DIRECCION, POBLACION, TELEFONO, RESPONSABLE, HISTORIAL) VALUES
('CT34', 'BAZAR LA FARAONA', 'CASTILLA Y LEON 34', 'MADRID', 915483627, 'ANGEL SANTAMARIA', NULL);
INSERT INTO clientes (CODIGO_CLIENTE, EMPRESA, DIRECCION, POBLACION, TELEFONO, RESPONSABLE, HISTORIAL) VALUES
('CT35', 'FERRETERIA EL MARTILLO', 'CASTELLANOS 205', 'SALAMANCA', 923548965, 'JOAQUIN FERNANDEZ', NULL);
INSERT INTO clientes (CODIGO_CLIENTE, EMPRESA, DIRECCION, POBLACION, TELEFONO, RESPONSABLE, HISTORIAL) VALUES
('CT36', 'JUGUETES EDUCATIVOS SANZ', 'ORENSE 89', 'MADRID', 916872354, 'PEDRO IGLESIAS', NULL);
INSERT INTO clientes (CODIGO_CLIENTE, EMPRESA, DIRECCION, POBLACION, TELEFONO, RESPONSABLE, HISTORIAL) VALUES
('CT37', 'ALMACENES FERNANDEZ', 'ANTON 67', 'TERUEL', 978564025, 'MARIA ARDANZA', NULL);
INSERT INTO clientes (CODIGO_CLIENTE, EMPRESA, DIRECCION, POBLACION, TELEFONO, RESPONSABLE, HISTORIAL) VALUES
('CT38', 'CONFECCIONES MONICA', 'MOTORES 67', 'BARCELONA', 935681245, 'PEDRO SERRANO', NULL);
INSERT INTO clientes (CODIGO_CLIENTE, EMPRESA, DIRECCION, POBLACION, TELEFONO, RESPONSABLE, HISTORIAL) VALUES
('CT39', 'FERRETERIA LIMA', 'VALLECAS 45', 'MADRID', 913532785, 'LUIS GARCIA', NULL);
INSERT INTO clientes (CODIGO_CLIENTE, EMPRESA, DIRECCION, POBLACION, TELEFONO, RESPONSABLE, HISTORIAL) VALUES
('CT40', 'DEPORTES BRASIL', 'ABEL MARTINEZ 67', 'SALAMANCA', 921548762, 'CARLOS GOMEZ', NULL);
-- Inserts for productos
INSERT INTO `productos` (`CODIGO_ARTICULO`, `SECCION`, `NOMBRE`, `PRECIO`, `PAIS`, `FECHA`) VALUES
('AR02', 'HOGAR', 'LAMPARA', '120.50', 'ESPAÑA', '2018-03-30'),
('AR03', 'INFORMATICA', 'RATON', '30.35', 'CHINA', '2017-03-01'),
('AR04', 'INFORMATICA', 'TECLADO', '45.99', 'CHINA', '2016-05-13'),
('AR05', 'DEPORTES', 'BALON FUTBOL', '50.95', 'EEUU', '2018-01-11'),
('AR06', 'INFORMATICA', 'GTA V', '59.95', 'EEUU', '2017-01-07'),
('AR07', 'DEPORTES', 'CAMISETA REAL MADRID', '60.00', 'ESPAÑA', '2018-01-01'),
('AR08', 'HOGAR', 'MESA', '350.99', 'ESPAÑA', '2015-03-06'),
('AR09', 'HOGAR', 'SILLA', '180.50', 'ESPAÑA', '2015-03-06'),
('AR10', 'DEPORTES', 'BALON FIRMA RONALDO', '1200.00', 'ESPAÑA', '2013-03-01'),
('AR11', 'DEPORTES', 'CANOA', '650.00', 'ESPAÑA', '2018-02-07'),
('AR12', 'DEPORTES', 'MANCUERNA', '25.00', 'ESPAÑA', '2016-05-07'),
('AR13', 'HOGAR', 'TELEVISION', '1500.00', 'CHINA', '2017-03-26'),
('AR14', NULL, 'PANTALON', '50.00', 'ESPAÑA', NULL);
-- Inserts for productosnuevos
INSERT INTO `productosnuevos` (`CODIGO_ARTICULO`, `SECCION`, `NOMBRE`, `PRECIO`,  `PAIS`,`FECHA`) VALUES
('AR50', 'ALTA COSTURA', 'TRAJE CABALLERO', '1284.00', 'ITALIA','2002-03-11'),
('AR51', 'DEPORTES DE RIESGO', 'RAQUETA TENIS', '1093.00', 'USA','2000-03-20'),
('AR52', 'DEPORTES DE RIESGO', 'MANCUERNAS', '1060.00', 'USA','2000-09-13'),
('AR53', 'ALTA COSTURA', 'SERRUCHO', '1030.00', 'FRANCIA','2001-03-23'),
('AR54', 'ALTA COSTURA', 'PANTALÓN SEÑORA', '1174.00', 'MARRUECOS','2000-01-10'),
('AR55', 'ALTA COSTURA', 'CAMISA CABALLERO', '1067.00', 'ESPAÑA','2002-08-11'),
('AR56', 'DEPORTES DE RIESGO', 'PISTOLA OLÍMPICA', '1046.00', 'SUECIA','2001-02-02'),
('AR57', 'ALTA COSTURA', 'BLUSA SRA.', '1101.00', 'CHINA','2000-03-18'),
('AR58', 'ALTA COSTURA', 'CAZADORA PIEL', '1522.00', 'ITALIA','2001-07-10'),
('AR59', 'DEPORTES DE RIESGO', 'BALÓN RUGBY', '1111.00', 'USA','2000-11-11'),
('AR60', 'DEPORTES DE RIESGO', 'BALÓN BALONCESTO', '1075.00', 'JAPÓN','2001-06-25'),
('AR61', 'ALTA COSTURA', 'ABRIGO CABALLERO', '1500.00', 'ITALIA','2002-04-05'),
('AR62', 'DEPORTES DE RIESGO', 'BALÓN FÚTBOL', '1043.00', 'ESPAÑA','2002-07-04'),
('AR63', 'ALTA COSTURA', 'ABRIGO SRA', '1360.00', 'MARRUECOS','2001-05-03'),
('AR64', 'DEPORTES DE RIESGO', 'CRONÓMETRO', '1439.00', 'USA','2002-01-03'),
('AR65', 'ALTA COSTURA', 'CINTURÓN DE PIEL', '1004.00', 'ESPAÑA','2002-05-12'),
('AR66', 'DEPORTES DE RIESGO', 'CAÑA DE PESCA', '1270.00', 'USA','2000-02-14'),
('AR67', 'DEPORTES DE RIESGO', 'BOTA ALPINISMO', '1144.00', 'ESPAÑA','2002-05-05'),
('AR68', 'DEPORTES DE RIESGO', 'PALAS DE PING PONG', '1021.00', 'ESPAÑA','2002-02-02'),
('AR02', 'HOGAR', 'LAMPARA', '120.50', 'ESPAÑA', '2018-03-30');
-- Inserts for pedidos
INSERT INTO `pedidos` (`NUMERO_PEDIDO`, `CODIGO_CLIENTE`, `FECHA_PEDIDO`, `FORMA_PAGO`, `DESCUENTO`, `ENVIADO`) VALUES
(1, 'CT01', '2013-03-12', 'TARJETA', 0, 'SI'),
(2, 'CT02', '2013-02-19', 'EFECTIVO', 0, 'NO'),
(3, 'CT03', '2017-03-02', 'TARJETA', 0, 'SI'),
(4, 'CT04', '2018-02-05', 'EFECTIVO', 0, 'SI'),
(5, 'CT01', '2018-03-29', 'TARJETA', 0, 'SI'),
(6, 'CT03', '2018-01-01', 'EFECTIVO', 0, 'SI'),
(7, 'CT01', '2017-10-08', 'EFECTIVO', 0, 'SI'),
(8, 'CT02', '2017-03-06', 'EFECTIVO', 0, 'SI'),
(9, 'CT05', '2016-11-21', 'EFECTIVO', 0, 'SI'),
(10, 'CT06', '2017-07-12', 'EFECTIVO', 0, 'SI'),
(11, 'CT07', '2014-03-05', 'EFECTIVO', 0, 'SI'),
(12, 'CT08', '2013-02-08', 'EFECTIVO', 0, 'SI'),
(13, 'CT09', '2012-01-21', 'EFECTIVO', 0, 'SI'),
(14, 'CT10', '2014-11-15', 'EFECTIVO', 0, 'SI');
-- Added missing cliente CT05 for referential integrity
INSERT INTO clientes (CODIGO_CLIENTE) VALUES ('CT05');

SET FOREIGN_KEY_CHECKS=1;